noshow_count,reservation_count,weekday,hour,party_size,payment_method,risk_level
0,15,Sat,12,4,CARD,medium
10,14,Sat,22,9,CARD,high
0,55,Mon,9,4,CARD,low
0,78,Fri,11,9,CASH,low
9,58,Wed,20,1,ONLINE,high
11,21,Thu,13,5,CARD,high
1,44,Mon,14,2,CARD,low
9,45,Wed,20,1,ONLINE,high
1,69,Thu,9,9,CARD,low
5,80,Fri,11,2,CARD,low
12,30,Wed,9,4,PREPAID,high
4,49,Thu,18,6,CARD,medium
3,46,Sat,12,2,CASH,medium
8,22,Sat,11,3,CASH,high
10,35,Sat,16,4,ONLINE,high
3,8,Sun,8,6,CASH,high
3,9,Fri,22,6,CARD,high
6,64,Sat,15,3,CARD,medium
11,32,Fri,16,5,ONLINE,high
9,55,Thu,13,4,PREPAID,high
8,18,Thu,9,1,PREPAID,high
10,20,Tue,20,7,CASH,high
6,50,Fri,15,9,CARD,high
0,71,Sat,19,2,ONLINE,low
12,69,Wed,20,6,CARD,high
2,56,Thu,8,5,PREPAID,low
8,23,Mon,21,5,ONLINE,high
9,65,Tue,10,6,ONLINE,high
12,70,Fri,22,1,CASH,high
0,63,Mon,22,6,PREPAID,low
3,40,Mon,11,10,PREPAID,medium
11,11,Thu,21,2,PREPAID,high
12,69,Tue,10,8,PREPAID,high
4,22,Fri,21,10,CASH,high
8,28,Sun,19,4,ONLINE,high
10,52,Sat,13,8,PREPAID,high
1,58,Tue,11,2,CARD,low
8,76,Tue,17,4,CARD,high
3,8,Mon,22,1,PREPAID,medium
8,10,Tue,12,8,CARD,high
11,17,Fri,17,8,CARD,high
12,61,Thu,11,2,CARD,high
5,56,Thu,14,8,PREPAID,medium
1,7,Mon,14,6,ONLINE,medium
3,14,Tue,11,9,CASH,high
2,55,Wed,15,4,PREPAID,low
7,10,Sun,21,9,CARD,high
0,70,Mon,22,4,CARD,low
7,63,Tue,21,7,PREPAID,high
6,22,Mon,14,5,PREPAID,high
4,59,Thu,19,9,ONLINE,medium
2,63,Tue,12,4,PREPAID,low
11,75,Fri,8,6,CARD,high
7,75,Fri,22,9,CARD,high
1,66,Sun,10,2,CASH,low
6,31,Mon,22,10,CARD,high
0,77,Fri,9,7,ONLINE,low
8,73,Wed,22,5,CARD,high
3,41,Wed,14,3,ONLINE,medium
7,39,Wed,22,2,CARD,high
9,80,Mon,9,9,CARD,high
2,34,Wed,22,2,PREPAID,medium
4,48,Tue,15,9,ONLINE,medium
12,79,Sat,16,1,ONLINE,high
4,71,Sat,9,3,CARD,medium
11,14,Fri,10,5,CARD,high
11,27,Wed,11,5,CASH,high
0,33,Mon,18,7,ONLINE,low
0,6,Wed,20,3,CASH,medium
2,34,Sat,15,9,ONLINE,medium
0,72,Mon,9,3,CASH,low
9,48,Fri,10,7,CARD,high
5,40,Sun,21,1,PREPAID,medium
10,27,Tue,18,2,CARD,high
6,72,Fri,19,3,PREPAID,medium
2,31,Sun,20,3,PREPAID,medium
1,4,Sat,22,6,ONLINE,high
12,53,Sat,21,4,CARD,high
6,14,Sun,8,8,CARD,high
5,59,Wed,21,4,CARD,medium
6,25,Wed,12,2,PREPAID,high
5,36,Sat,16,7,ONLINE,high
5,69,Mon,9,5,CARD,medium
0,34,Mon,17,7,CARD,low
6,41,Fri,16,2,CARD,high
3,74,Wed,8,7,CARD,low
10,69,Sat,19,4,CARD,high
5,9,Fri,13,2,ONLINE,high
8,39,Wed,18,7,CARD,high
8,38,Tue,11,7,ONLINE,high
10,49,Sat,22,3,CASH,high
6,39,Fri,21,1,CARD,high
6,27,Sun,17,10,ONLINE,high
7,60,Thu,18,4,CASH,high
10,22,Mon,12,9,ONLINE,high
5,80,Mon,21,4,ONLINE,medium
12,29,Tue,10,1,CARD,high
9,61,Sun,20,2,CASH,high
3,74,Sat,19,7,CASH,medium
2,32,Sat,19,1,PREPAID,medium
12,14,Thu,11,3,ONLINE,high
7,67,Mon,16,4,PREPAID,medium
7,16,Tue,20,8,ONLINE,high
9,72,Wed,20,8,CASH,high
6,65,Sun,22,9,CASH,high
11,21,Sun,15,8,CARD,high
10,32,Wed,20,9,CASH,high
4,31,Thu,9,5,CARD,high
5,43,Fri,9,3,CARD,high
11,50,Tue,19,4,CARD,high
5,53,Fri,15,7,CARD,high
6,54,Sun,17,1,PREPAID,medium
6,74,Thu,8,6,CARD,medium
6,50,Fri,19,9,ONLINE,high
7,29,Tue,12,7,CASH,high
5,50,Sat,18,7,ONLINE,high
2,60,Fri,16,1,PREPAID,low
9,76,Sat,8,2,CASH,high
7,18,Tue,8,5,CARD,high
7,28,Wed,13,7,CARD,high
4,54,Sun,9,8,CARD,medium
0,70,Wed,11,2,ONLINE,low
6,6,Mon,11,4,ONLINE,high
2,80,Tue,10,8,ONLINE,low
3,73,Thu,19,5,ONLINE,low
9,22,Fri,19,2,ONLINE,high
4,21,Mon,17,1,PREPAID,medium
10,74,Thu,14,4,CARD,high
1,32,Sat,20,5,PREPAID,medium
12,77,Mon,20,10,ONLINE,high
8,45,Thu,18,6,CARD,high
0,44,Sun,14,8,CARD,low
10,47,Sun,15,3,CASH,high
10,67,Wed,17,9,ONLINE,high
6,60,Sun,19,10,CARD,high
1,32,Wed,22,8,CARD,medium
9,60,Fri,18,7,CARD,high
5,64,Tue,15,4,CARD,medium
5,34,Wed,22,10,ONLINE,high
8,36,Mon,16,4,CARD,high
7,53,Fri,20,4,ONLINE,high
7,63,Sun,8,2,CARD,high
11,52,Tue,12,10,CARD,high
8,71,Wed,14,9,CARD,high
4,59,Wed,12,4,CARD,medium
5,25,Mon,19,9,PREPAID,high
3,24,Tue,19,8,CARD,high
12,76,Fri,17,5,PREPAID,high
4,25,Tue,13,3,CARD,high
2,69,Wed,8,1,CASH,low
10,17,Sun,20,8,CARD,high
2,2,Wed,15,8,CASH,high
0,24,Wed,21,8,CARD,medium
6,9,Thu,9,10,CASH,high
2,7,Tue,20,10,PREPAID,high
3,11,Mon,16,7,CASH,high
3,80,Sun,16,7,CASH,low
4,57,Sun,17,7,CARD,medium
0,80,Fri,19,2,PREPAID,low
10,27,Tue,12,2,CARD,high
8,23,Mon,10,1,CASH,high
7,77,Wed,8,4,CARD,medium
11,37,Sun,15,2,ONLINE,high
12,34,Sun,18,10,ONLINE,high
6,26,Mon,16,4,CASH,high
2,35,Mon,8,3,ONLINE,medium
11,77,Sun,17,5,CASH,high
11,60,Wed,19,7,PREPAID,high
8,65,Thu,15,2,CASH,high
11,56,Wed,17,5,CARD,high
10,30,Sun,21,10,CASH,high
2,3,Fri,8,3,CASH,high
4,57,Tue,17,7,CASH,medium
1,63,Thu,13,7,CARD,low
2,14,Wed,14,8,CARD,high
12,52,Fri,8,8,CARD,high
5,33,Mon,20,7,PREPAID,high
1,1,Thu,8,4,CASH,high
12,80,Thu,18,8,ONLINE,high
4,27,Fri,10,5,CASH,high
1,63,Mon,18,10,ONLINE,low
4,21,Fri,8,9,CASH,high
1,29,Thu,9,3,CASH,medium
8,38,Sat,12,7,ONLINE,high
3,61,Thu,16,3,CARD,low
8,77,Sat,22,3,PREPAID,medium
12,36,Sun,21,7,CARD,high
4,65,Sun,8,5,ONLINE,medium
9,76,Sat,15,3,CASH,high
5,62,Wed,16,9,CARD,medium
3,42,Sat,11,10,CARD,medium
0,53,Wed,19,8,ONLINE,low
6,49,Sat,20,3,CASH,high
1,5,Fri,17,6,PREPAID,medium
1,57,Fri,22,8,CARD,medium
6,19,Sun,18,3,CARD,high
5,34,Fri,19,7,CASH,high
10,43,Sun,16,7,PREPAID,high
8,63,Mon,17,2,CARD,high
3,37,Sat,9,7,PREPAID,medium
7,13,Tue,19,5,PREPAID,high
2,6,Sun,8,5,CARD,high
2,56,Tue,16,7,CASH,medium
2,24,Tue,9,10,PREPAID,medium
10,80,Tue,15,10,CARD,high
10,60,Wed,15,5,ONLINE,high
4,60,Sat,16,3,CARD,medium
9,45,Wed,18,7,ONLINE,high
4,59,Tue,14,8,CARD,medium
9,49,Wed,17,5,PREPAID,high
0,38,Sun,18,7,CARD,low
10,73,Sun,19,1,PREPAID,high
4,64,Sun,20,4,CASH,medium
3,46,Sat,11,10,CARD,medium
10,18,Mon,22,1,CARD,high
0,57,Fri,13,3,CARD,low
5,38,Sat,14,3,CARD,high
5,70,Fri,16,5,ONLINE,medium
7,33,Sun,12,6,ONLINE,high
1,60,Tue,20,4,PREPAID,low
12,51,Fri,13,2,ONLINE,high
1,2,Fri,9,8,CARD,high
9,34,Thu,21,6,CARD,high
7,30,Mon,17,9,CARD,high
3,79,Sat,9,8,PREPAID,low
10,39,Thu,9,3,CARD,high
2,5,Thu,9,2,CARD,high
2,69,Thu,15,6,ONLINE,low
6,70,Fri,19,3,PREPAID,medium
7,13,Fri,14,5,CARD,high
3,48,Thu,15,4,PREPAID,low
10,13,Wed,16,6,CARD,high
3,36,Mon,21,8,CARD,high
10,28,Sat,17,1,CARD,high
3,43,Tue,20,10,CARD,medium
3,71,Fri,11,4,CARD,low
12,19,Fri,8,5,PREPAID,high
2,19,Fri,12,3,CARD,medium
1,4,Mon,13,4,CASH,medium
1,3,Wed,8,3,ONLINE,medium
1,68,Sat,9,8,CASH,low
8,47,Fri,9,8,CASH,high
0,79,Sat,20,9,CARD,low
0,4,Thu,21,7,CASH,high
7,14,Sat,22,8,CARD,high
5,11,Fri,10,2,CARD,high
10,80,Fri,16,6,CARD,high
8,77,Wed,15,9,CASH,high
12,13,Sat,9,9,ONLINE,high
6,28,Thu,22,4,CASH,high
6,59,Thu,19,2,CARD,medium
10,41,Wed,13,3,ONLINE,high
1,61,Mon,21,2,CARD,low
11,13,Sat,13,3,CASH,high
8,76,Fri,13,2,CASH,high
11,55,Mon,12,10,CARD,high
9,14,Fri,11,3,ONLINE,high
1,29,Wed,21,9,CARD,medium
9,36,Tue,20,7,ONLINE,high
9,80,Sat,18,9,CARD,high
0,35,Tue,12,5,PREPAID,low
0,45,Tue,21,3,CASH,low
1,52,Tue,19,1,CARD,low
3,68,Thu,14,8,CARD,low
4,48,Sat,13,10,CASH,high
2,7,Tue,20,10,CARD,high
4,11,Thu,18,7,CASH,high
6,57,Wed,11,9,CARD,high
1,56,Wed,18,10,CASH,low
0,40,Tue,14,10,CARD,low
4,27,Tue,20,3,ONLINE,high
5,38,Mon,8,8,ONLINE,high
2,23,Thu,16,4,CASH,medium
1,46,Thu,21,1,CASH,medium
1,59,Sun,13,10,CASH,low
11,52,Sat,14,5,CARD,high
2,3,Tue,20,10,CASH,high
1,47,Thu,21,2,CARD,low
6,76,Fri,9,7,PREPAID,medium
3,44,Wed,20,3,CARD,medium
8,15,Fri,11,6,CARD,high
3,19,Mon,10,5,CARD,high
2,78,Sun,20,2,CARD,low
7,64,Sun,17,10,CASH,high
10,73,Sat,17,6,PREPAID,high
2,41,Thu,9,8,CASH,medium
12,39,Wed,17,1,CARD,high
4,10,Thu,15,1,CARD,high
1,37,Sat,21,2,CASH,medium
6,65,Thu,17,9,PREPAID,medium
3,6,Sun,17,4,CARD,high
8,61,Tue,8,8,CARD,high
11,44,Mon,16,3,CARD,high
7,57,Fri,16,10,CARD,high
4,48,Thu,14,6,ONLINE,medium
5,7,Mon,13,2,CASH,high
4,50,Wed,19,10,PREPAID,medium
1,43,Fri,18,3,PREPAID,low
10,40,Sat,18,7,CARD,high
4,11,Fri,14,6,ONLINE,high
1,68,Sat,18,7,CASH,low
2,3,Wed,10,4,CARD,high
3,63,Tue,10,3,CARD,low
8,13,Sun,16,9,CARD,high
12,44,Fri,10,10,CARD,high
2,21,Sun,19,10,ONLINE,medium
11,22,Thu,8,7,CARD,high
7,31,Fri,12,8,CARD,high
4,31,Sun,20,8,PREPAID,high
5,25,Sat,17,8,CASH,high
12,37,Thu,16,9,CASH,high
3,21,Sun,17,3,PREPAID,medium
7,7,Sun,13,9,PREPAID,high
1,67,Wed,9,3,CARD,low
2,66,Sun,14,2,PREPAID,low
7,29,Wed,22,1,CASH,high
8,51,Wed,11,7,PREPAID,high
3,48,Mon,13,2,ONLINE,low
12,43,Tue,10,1,CARD,high
11,61,Sun,10,8,CASH,high
0,1,Mon,12,4,ONLINE,medium
11,71,Fri,16,7,CARD,high
3,37,Wed,9,1,CARD,medium
7,80,Mon,9,8,CASH,high
1,3,Sat,10,5,CASH,high
5,79,Tue,17,7,CARD,medium
8,11,Wed,9,9,CASH,high
8,65,Mon,14,8,CARD,high
5,50,Wed,19,1,CARD,medium
5,9,Tue,19,2,ONLINE,high
2,43,Mon,13,9,CARD,medium
12,23,Sat,15,8,CASH,high
1,18,Sat,20,8,CARD,high
0,26,Sun,11,1,CARD,low
8,40,Thu,21,9,CASH,high
5,5,Tue,12,6,PREPAID,high
5,7,Wed,9,6,CASH,high
11,52,Thu,22,7,CARD,high
7,24,Sat,15,6,PREPAID,high
4,67,Sun,9,7,CARD,medium
2,78,Fri,12,6,CARD,low
10,42,Wed,12,8,CASH,high
2,55,Sat,15,6,CASH,medium
9,46,Thu,12,1,CARD,high
5,52,Fri,20,3,PREPAID,medium
9,19,Sat,20,8,CARD,high
3,9,Sun,18,6,CARD,high
0,73,Fri,10,8,PREPAID,low
7,48,Sun,9,10,CARD,high
6,47,Wed,18,5,CARD,high
0,15,Sat,10,8,CASH,high
1,72,Wed,20,5,ONLINE,low
9,28,Wed,19,8,CARD,high
1,18,Thu,10,8,PREPAID,medium
10,41,Wed,19,2,CASH,high
4,38,Sun,10,3,ONLINE,medium
3,66,Mon,11,3,CARD,low
0,64,Wed,16,10,CARD,low
2,71,Fri,22,2,CARD,low
11,51,Sat,15,9,CASH,high
9,53,Mon,10,6,CASH,high
7,58,Sat,16,6,CARD,high
10,71,Fri,10,3,CASH,high
1,8,Fri,10,5,CARD,medium
11,42,Tue,13,9,PREPAID,high
4,11,Tue,18,9,CARD,high
9,39,Fri,9,9,CASH,high
9,76,Tue,10,10,ONLINE,high
5,78,Sun,22,10,CARD,medium
0,4,Mon,18,10,CARD,medium
12,27,Fri,14,10,CASH,high
10,64,Fri,12,5,CASH,high
4,52,Thu,9,1,CARD,medium
7,54,Thu,11,6,CASH,high
11,41,Wed,19,6,PREPAID,high
12,17,Wed,16,9,CARD,high
7,31,Mon,12,8,CARD,high
0,13,Wed,14,10,CASH,medium
5,21,Fri,19,6,CARD,high
7,21,Fri,15,8,PREPAID,high
0,64,Mon,14,9,CASH,low
3,31,Fri,13,1,CARD,medium
9,64,Sun,18,8,CARD,high
0,2,Thu,10,5,ONLINE,medium
5,52,Mon,14,1,CASH,medium
5,25,Fri,12,2,CARD,high
12,58,Fri,12,10,ONLINE,high
2,16,Mon,14,6,ONLINE,high
8,44,Wed,20,3,CARD,high
6,66,Fri,8,1,CARD,medium
12,43,Thu,16,8,CARD,high
2,66,Wed,22,10,CARD,low
9,51,Sat,21,5,CASH,high
8,65,Fri,15,10,CARD,high
2,3,Wed,18,2,PREPAID,medium
4,75,Sun,22,1,CASH,medium
10,34,Sun,20,10,CASH,high
7,7,Tue,16,10,ONLINE,high
2,49,Sun,18,4,CARD,medium
3,15,Mon,15,6,CASH,high
11,53,Tue,14,9,ONLINE,high
11,61,Sat,8,3,CASH,high
5,72,Sat,15,9,CARD,medium
7,23,Fri,13,9,CARD,high
9,34,Thu,11,4,CARD,high
3,39,Wed,20,5,ONLINE,medium
5,63,Thu,13,9,PREPAID,medium
4,36,Mon,17,9,CARD,high
5,51,Sun,20,3,CARD,high
11,37,Mon,13,8,ONLINE,high
3,62,Tue,21,9,CARD,medium
11,72,Wed,10,2,CASH,high
3,76,Tue,8,9,CARD,low
0,30,Mon,14,6,ONLINE,low
10,13,Sun,10,1,PREPAID,high
6,21,Sat,22,8,CASH,high
12,26,Wed,13,5,CASH,high
10,12,Fri,11,9,ONLINE,high
1,5,Thu,22,3,PREPAID,medium
3,5,Sun,15,3,PREPAID,medium
0,38,Mon,12,10,CASH,medium
4,43,Thu,18,9,CASH,high
8,18,Thu,12,4,ONLINE,high
2,43,Sat,15,5,ONLINE,medium
2,2,Wed,20,5,CASH,high
2,25,Fri,21,7,ONLINE,high
5,66,Mon,14,2,CARD,medium
7,18,Wed,22,4,CARD,high
3,50,Thu,20,5,PREPAID,medium
9,39,Sat,17,1,CARD,high
11,47,Tue,8,2,CASH,high
6,21,Sat,16,5,ONLINE,high
5,38,Fri,11,4,PREPAID,medium
2,62,Thu,19,10,CARD,low
7,71,Sun,16,4,ONLINE,medium
12,77,Mon,16,8,CASH,high
1,47,Fri,9,1,ONLINE,low
3,65,Fri,16,3,CARD,low
7,67,Mon,18,4,ONLINE,medium
1,63,Fri,15,1,CASH,low
6,66,Thu,17,1,CASH,medium
11,40,Mon,14,5,ONLINE,high
9,28,Mon,8,7,CARD,high
8,9,Mon,22,2,PREPAID,high
0,61,Wed,14,3,ONLINE,low
5,54,Thu,15,7,CARD,medium
2,70,Sat,21,6,CARD,low
6,69,Fri,10,4,ONLINE,medium
2,3,Thu,18,9,CASH,high
3,49,Tue,15,6,CARD,medium
11,25,Sun,9,1,ONLINE,high
9,54,Sun,22,1,CARD,high
1,9,Fri,8,8,CASH,high
3,7,Sat,8,7,CASH,high
3,70,Sun,21,1,CARD,low
3,38,Sun,22,10,CARD,high
12,77,Sat,21,6,CARD,high
10,19,Fri,11,7,CARD,high
8,8,Fri,22,3,CASH,high
8,55,Thu,8,6,PREPAID,high
12,49,Fri,13,7,CASH,high
6,39,Tue,20,9,CASH,high
4,29,Sun,19,3,ONLINE,medium
8,8,Thu,14,9,CASH,high
3,50,Wed,11,6,CASH,medium
5,58,Mon,16,4,CARD,medium
10,49,Fri,17,1,PREPAID,high
12,25,Sun,17,9,CARD,high
5,27,Wed,22,1,CARD,high
11,25,Mon,19,8,PREPAID,high
11,78,Tue,14,4,CASH,high
6,37,Thu,16,6,CARD,high
8,47,Thu,15,2,ONLINE,high
12,61,Sun,13,4,CARD,high
0,53,Fri,21,4,ONLINE,low
2,3,Fri,22,10,CASH,high
4,54,Tue,11,6,CARD,medium
3,73,Thu,16,6,CARD,low
11,63,Sat,19,8,CASH,high
2,46,Tue,19,9,CASH,medium
10,70,Mon,16,1,ONLINE,high
10,10,Mon,20,1,CASH,high
1,30,Sat,10,1,CARD,medium
5,59,Mon,17,10,PREPAID,medium
0,63,Mon,16,9,CASH,low
2,3,Fri,12,1,CASH,high
12,56,Tue,9,2,CASH,high
3,31,Fri,16,5,ONLINE,medium
12,35,Thu,9,6,PREPAID,high
9,59,Tue,19,4,CARD,high
10,11,Sun,18,1,CARD,high
6,49,Fri,15,1,CASH,high
1,22,Thu,21,7,CASH,high
9,43,Sun,9,9,PREPAID,high
3,30,Sun,19,10,CASH,high
0,6,Sat,22,5,PREPAID,medium
10,73,Mon,10,6,CARD,high
9,27,Tue,20,7,PREPAID,high
2,39,Fri,11,10,ONLINE,medium
10,50,Fri,13,7,ONLINE,high
12,18,Sat,19,2,CASH,high
0,45,Mon,14,4,ONLINE,low
9,44,Sun,17,10,CARD,high
0,42,Sat,12,8,CASH,medium
8,46,Thu,14,3,ONLINE,high
1,49,Sun,17,5,ONLINE,low
1,10,Wed,10,7,ONLINE,medium
11,20,Thu,13,6,CARD,high
1,1,Thu,13,5,CARD,medium
2,12,Thu,15,9,CASH,high
1,53,Mon,9,6,CASH,medium
9,77,Sun,13,7,CARD,high
6,53,Sun,9,9,PREPAID,high
9,32,Fri,10,7,CARD,high
4,35,Wed,15,3,CARD,medium
4,56,Thu,12,8,ONLINE,medium
4,47,Tue,19,8,CASH,high
7,26,Mon,10,5,CARD,high
5,51,Sun,17,7,ONLINE,medium
7,43,Wed,14,10,CARD,high
9,42,Sat,11,8,CARD,high
5,51,Wed,19,8,PREPAID,medium
5,32,Thu,12,7,CARD,high
3,73,Fri,16,3,ONLINE,low
0,71,Sat,15,4,CASH,low
11,38,Mon,21,7,ONLINE,high
10,18,Wed,11,5,ONLINE,high
12,55,Thu,9,8,PREPAID,high
9,62,Thu,16,9,PREPAID,high
8,54,Mon,20,6,ONLINE,high
9,69,Sat,22,2,CARD,high
10,32,Sat,13,3,CASH,high
4,6,Sat,18,7,PREPAID,high
12,43,Thu,9,1,CARD,high
8,29,Sat,16,9,CASH,high
3,74,Thu,13,7,CASH,low
11,76,Fri,10,6,PREPAID,high
1,62,Wed,14,2,CARD,low
5,19,Wed,13,8,ONLINE,high
7,67,Wed,15,2,CASH,medium
5,58,Mon,12,1,ONLINE,medium
0,15,Sun,13,2,ONLINE,medium
11,22,Tue,16,3,CASH,high
8,43,Thu,15,4,ONLINE,high
2,24,Sat,18,7,CARD,high
3,79,Thu,17,7,CARD,low
3,28,Wed,20,2,CASH,high
2,69,Wed,13,4,CASH,low
10,34,Sun,15,9,PREPAID,high
9,41,Thu,17,7,CASH,high
5,45,Sun,15,10,CARD,high
9,39,Fri,9,3,CARD,high
4,31,Mon,10,6,ONLINE,high
6,66,Thu,17,3,CASH,medium
2,55,Thu,18,9,ONLINE,low
8,23,Tue,15,5,CARD,high
7,41,Fri,8,6,PREPAID,high
2,63,Tue,21,7,PREPAID,low
10,65,Thu,14,8,CASH,high
7,57,Tue,9,10,CARD,high
4,29,Mon,12,4,CASH,high
12,22,Thu,17,8,CASH,high
9,15,Mon,12,9,ONLINE,high
8,47,Sun,20,1,ONLINE,high
8,57,Tue,14,2,ONLINE,high
4,32,Sun,8,8,CARD,high
7,12,Sun,9,4,CARD,high
11,76,Wed,21,10,CASH,high
9,22,Tue,20,4,ONLINE,high
5,8,Fri,12,10,CASH,high
11,42,Wed,12,10,CARD,high
10,66,Sun,9,3,PREPAID,high
0,53,Wed,21,3,ONLINE,low
3,17,Tue,19,6,ONLINE,high
7,51,Tue,17,5,CASH,high
7,49,Mon,18,2,CASH,high
11,36,Wed,15,8,CARD,high
0,1,Sat,15,6,PREPAID,medium
6,69,Tue,14,4,CASH,medium
4,42,Wed,16,10,CARD,high
12,63,Wed,22,1,CARD,high
0,59,Mon,22,3,CASH,low
1,1,Tue,19,3,PREPAID,medium
2,39,Sun,22,5,CARD,medium
4,47,Mon,13,3,CARD,medium
11,40,Sat,20,4,CASH,high
11,12,Mon,8,4,CASH,high
9,17,Tue,16,8,CARD,high
1,44,Sun,14,3,CASH,low
6,30,Mon,19,2,CARD,high
4,48,Tue,14,3,CASH,medium
1,19,Fri,17,1,CASH,medium
7,22,Wed,19,4,CASH,high
6,20,Fri,18,8,PREPAID,high
1,12,Tue,20,2,CASH,high
5,50,Thu,13,3,CARD,medium
3,11,Fri,17,10,ONLINE,high
12,37,Sat,8,5,CARD,high
8,78,Tue,19,7,CARD,high
3,7,Thu,14,2,CARD,high
1,77,Fri,22,1,PREPAID,low
2,41,Thu,21,10,CASH,medium
10,70,Tue,20,8,PREPAID,high
0,10,Fri,9,1,CARD,medium
0,6,Sun,14,9,CARD,medium
12,65,Thu,14,7,CARD,high
8,69,Fri,10,5,CARD,high
8,11,Tue,20,3,CASH,high
9,51,Sat,20,2,CARD,high
11,56,Sun,11,1,CARD,high
1,56,Thu,17,10,CARD,low
1,23,Mon,19,3,ONLINE,medium
7,21,Wed,16,9,ONLINE,high
2,34,Wed,10,5,ONLINE,medium
12,16,Mon,13,7,CARD,high
4,9,Sat,17,2,CASH,high
5,66,Mon,15,10,CARD,medium
4,21,Sun,9,10,ONLINE,high
3,15,Sat,16,1,CARD,high
0,2,Mon,15,6,CARD,medium
2,20,Sun,8,9,ONLINE,high
3,54,Wed,11,7,PREPAID,low
4,41,Sun,9,10,CARD,high
10,65,Mon,10,4,ONLINE,high
3,6,Mon,22,8,PREPAID,high
5,40,Mon,16,8,CARD,high
4,26,Fri,20,5,ONLINE,high
7,32,Wed,17,8,PREPAID,high
11,26,Fri,20,4,CARD,high
0,53,Tue,16,6,CASH,low
1,2,Mon,20,7,ONLINE,high
1,40,Tue,16,4,CASH,medium
2,8,Sat,12,2,CARD,high
8,30,Thu,19,6,CASH,high
9,11,Mon,16,3,CASH,high
1,51,Fri,17,1,CASH,low
3,17,Wed,12,6,PREPAID,high
11,51,Sun,19,6,CARD,high
3,35,Mon,11,3,ONLINE,medium
1,75,Tue,9,3,CASH,low
6,41,Mon,16,6,PREPAID,high
7,27,Wed,15,5,PREPAID,high
2,12,Sun,18,5,ONLINE,medium
0,78,Tue,21,6,CARD,low
5,32,Thu,16,1,ONLINE,high
2,34,Mon,14,8,CASH,medium
3,71,Mon,15,2,ONLINE,low
1,18,Mon,8,4,CARD,medium
5,52,Sat,18,2,CASH,high
1,34,Mon,9,4,PREPAID,low
12,57,Tue,9,6,CARD,high
0,60,Tue,22,10,CASH,low
7,51,Mon,14,7,CARD,high
2,28,Wed,12,8,PREPAID,medium
4,5,Fri,17,4,CASH,high
6,64,Fri,15,1,CARD,medium
2,50,Thu,11,9,CARD,medium
12,70,Mon,14,6,CASH,high
5,63,Fri,16,6,CARD,medium
0,24,Wed,17,4,CARD,medium
0,36,Sun,15,9,CARD,medium
3,75,Tue,9,4,ONLINE,low
8,35,Sun,20,1,ONLINE,high
9,29,Sun,20,7,CARD,high
2,23,Tue,17,6,ONLINE,medium
9,46,Mon,19,6,PREPAID,high
2,73,Fri,11,8,CASH,low
7,23,Mon,9,1,CARD,high
0,29,Fri,15,1,CARD,low
3,79,Sun,10,6,ONLINE,low
0,42,Mon,10,10,ONLINE,low
12,19,Mon,21,9,PREPAID,high
5,10,Sat,18,7,CASH,high
4,44,Wed,10,3,ONLINE,medium
12,56,Sat,15,6,CARD,high
11,72,Fri,20,6,CARD,high
2,76,Thu,12,5,CARD,low
1,1,Sun,20,10,CARD,high
5,78,Sun,17,4,CASH,medium
7,14,Tue,13,2,CARD,high
2,41,Sat,22,2,ONLINE,medium
7,43,Mon,12,4,CARD,high
5,9,Wed,20,2,ONLINE,high
6,7,Thu,19,7,PREPAID,high
7,53,Thu,13,9,CARD,high
12,62,Sun,17,4,CARD,high
0,10,Wed,8,6,CARD,medium
1,14,Wed,10,7,CARD,medium
8,10,Mon,13,10,PREPAID,high
11,62,Mon,14,3,CASH,high
2,56,Mon,9,6,CARD,medium
6,25,Sat,16,9,CARD,high
4,37,Tue,9,1,CARD,high
7,71,Tue,8,6,CARD,high
4,12,Sun,18,10,CASH,high
0,13,Tue,10,5,PREPAID,low
1,61,Wed,20,7,CASH,low
1,34,Sat,16,7,CARD,medium
5,49,Tue,15,1,CARD,medium
4,60,Tue,21,5,CASH,medium
12,20,Sat,18,2,CARD,high
12,45,Fri,14,10,CARD,high
6,8,Sun,16,7,PREPAID,high
9,61,Tue,15,5,CARD,high
4,5,Fri,22,9,ONLINE,high
2,80,Mon,20,8,CARD,low
3,22,Sun,11,3,CARD,high
10,11,Thu,11,3,ONLINE,high
5,34,Sat,22,2,CARD,high
6,72,Fri,13,5,CASH,medium
2,2,Fri,17,9,ONLINE,high
6,15,Tue,10,10,CASH,high
1,13,Fri,20,2,ONLINE,medium
5,69,Thu,12,7,ONLINE,medium
9,74,Thu,8,3,CARD,high
9,19,Fri,18,7,CARD,high
11,43,Tue,8,8,PREPAID,high
0,48,Wed,21,5,CARD,low
11,63,Sat,9,4,CARD,high
12,57,Sun,13,5,ONLINE,high
10,78,Mon,11,8,CARD,high
11,53,Thu,20,9,PREPAID,high
8,8,Sun,10,2,CARD,high
6,65,Tue,20,9,PREPAID,medium
1,4,Tue,22,4,ONLINE,medium
0,32,Thu,8,6,ONLINE,medium
5,36,Sun,15,9,CARD,high
10,16,Mon,11,6,CASH,high
2,58,Sun,15,10,CASH,medium
2,45,Sun,22,5,ONLINE,medium
4,12,Mon,14,1,CARD,high
12,74,Tue,21,4,CASH,high
4,27,Sat,14,9,CARD,high
1,2,Tue,18,3,CASH,medium
0,2,Wed,17,5,ONLINE,medium
6,36,Thu,21,6,CASH,high
7,28,Wed,18,9,ONLINE,high
9,51,Mon,8,9,PREPAID,high
8,48,Sat,17,10,CARD,high
7,14,Mon,13,5,CASH,high
4,36,Sat,19,5,CARD,high
12,67,Tue,22,1,ONLINE,high
6,77,Sat,13,3,ONLINE,medium
4,64,Wed,22,7,CASH,medium
4,5,Sat,17,4,CARD,high
10,29,Fri,18,8,PREPAID,high
8,46,Wed,21,3,ONLINE,high
2,72,Wed,9,8,CARD,low
11,34,Sun,16,3,PREPAID,high
10,43,Mon,11,6,CARD,high
6,40,Sun,22,6,CARD,high
4,75,Thu,21,2,CASH,medium
9,75,Fri,9,8,PREPAID,high
1,65,Sun,18,7,CASH,low
0,53,Sun,21,3,CARD,low
5,26,Thu,17,8,CARD,high
12,24,Mon,15,6,CASH,high
5,23,Sat,8,1,CASH,high
12,27,Sun,10,10,ONLINE,high
12,63,Sun,20,2,CARD,high
10,56,Thu,14,7,PREPAID,high
0,50,Mon,16,4,ONLINE,low
1,2,Sun,21,9,CARD,high
0,1,Tue,19,6,CARD,medium
6,14,Fri,17,5,CARD,high
2,6,Wed,15,9,CASH,high
6,44,Sat,10,6,PREPAID,high
5,63,Sun,11,3,PREPAID,low
0,52,Tue,11,3,CARD,low
1,3,Mon,13,1,CARD,medium
12,33,Fri,17,1,CASH,high
1,7,Sat,21,1,CARD,high
6,15,Thu,14,2,CASH,high
11,61,Tue,11,1,CARD,high
10,13,Fri,12,10,CASH,high
6,18,Sun,22,2,CASH,high
1,80,Wed,9,2,CASH,low
3,78,Sun,12,9,PREPAID,low
11,46,Thu,12,3,CARD,high
3,64,Sat,22,8,CARD,medium
0,1,Sat,9,2,ONLINE,medium
2,64,Mon,20,9,CARD,low
4,13,Sat,11,8,PREPAID,high
4,38,Thu,8,2,ONLINE,medium
6,6,Wed,13,6,CASH,high
1,15,Sun,20,1,CARD,medium
10,18,Sat,10,6,CARD,high
9,57,Wed,22,2,CARD,high
2,44,Mon,14,7,PREPAID,low
6,35,Sat,21,8,ONLINE,high
1,22,Tue,19,1,PREPAID,low
1,21,Thu,22,10,CASH,high
10,73,Thu,10,10,CARD,high
9,46,Mon,21,3,CASH,high
1,63,Thu,15,1,CARD,low
0,41,Sat,21,9,ONLINE,medium
11,74,Fri,11,6,CASH,high
1,80,Thu,18,4,CASH,low
2,50,Sun,21,9,PREPAID,medium
0,79,Mon,18,3,CASH,low
7,61,Sun,10,2,ONLINE,medium
3,42,Wed,12,1,CASH,medium
10,71,Thu,14,4,CARD,high
12,57,Fri,15,2,PREPAID,high
5,58,Mon,15,1,CARD,medium
0,53,Fri,16,1,ONLINE,low
9,78,Sat,12,9,CASH,high
5,59,Wed,21,1,ONLINE,medium
5,59,Fri,20,10,CASH,high
11,47,Thu,9,2,ONLINE,high
0,29,Wed,13,5,CASH,medium
11,48,Mon,8,3,CASH,high
1,53,Wed,17,4,CARD,low
3,51,Thu,21,4,ONLINE,medium
12,14,Thu,8,10,CARD,high
7,58,Sat,17,9,CARD,high
0,64,Fri,19,1,CASH,low
9,56,Thu,22,9,ONLINE,high
11,23,Fri,10,3,CARD,high
9,77,Wed,16,7,CASH,high
11,78,Sun,11,5,CARD,high
4,44,Thu,20,3,CARD,medium
11,78,Sat,16,5,ONLINE,high
5,71,Sat,19,9,CASH,medium
3,26,Fri,19,5,ONLINE,high
11,17,Sat,10,9,CASH,high
11,42,Mon,20,6,CASH,high
9,75,Sat,19,7,ONLINE,high
4,69,Sun,14,1,CASH,medium
3,4,Tue,8,1,CARD,high
4,21,Sat,12,3,ONLINE,high
3,38,Sun,16,1,CARD,medium
1,58,Fri,21,9,PREPAID,low
6,72,Tue,16,5,ONLINE,medium
6,7,Thu,14,6,PREPAID,high
0,7,Sat,12,4,CASH,medium
3,57,Sat,19,6,ONLINE,medium
11,70,Fri,11,4,CARD,high
10,23,Mon,10,3,ONLINE,high
6,16,Mon,14,5,CASH,high
2,17,Fri,21,5,CARD,high
11,60,Tue,8,3,PREPAID,high
0,77,Sun,22,10,ONLINE,low
7,39,Sun,17,9,CARD,high
8,41,Tue,10,9,CARD,high
2,65,Thu,16,9,CASH,low
3,45,Tue,18,6,CARD,medium
3,38,Sun,17,9,CASH,high
12,72,Sat,8,2,ONLINE,high
3,58,Sat,17,10,CARD,medium
5,6,Wed,14,2,CARD,high
11,70,Wed,8,9,ONLINE,high
8,48,Sun,16,8,CASH,high
10,38,Tue,13,9,CARD,high
2,13,Sun,16,9,CARD,high
3,9,Sat,18,4,PREPAID,high
1,55,Tue,16,7,CASH,low
10,10,Tue,8,8,ONLINE,high
0,5,Mon,8,3,ONLINE,medium
1,72,Fri,21,4,PREPAID,low
6,53,Thu,18,7,CASH,high
3,3,Sat,9,9,CARD,high
1,80,Sun,19,10,CARD,low
5,10,Fri,9,5,ONLINE,high
9,39,Mon,12,8,CARD,high
3,4,Tue,16,4,CARD,high
12,51,Sun,21,9,CARD,high
4,19,Sat,22,6,PREPAID,high
2,2,Sun,16,3,CARD,medium
1,1,Fri,16,2,CARD,medium
3,45,Thu,22,9,CARD,medium
3,24,Fri,21,5,CARD,high
10,24,Sun,17,1,PREPAID,high
7,71,Sat,16,2,CARD,medium
4,9,Mon,11,10,CASH,high
5,43,Tue,18,4,CARD,high
1,80,Tue,13,8,CASH,low
10,79,Wed,19,10,CARD,high
5,73,Sun,13,7,CARD,medium
3,41,Sun,11,7,CARD,medium
2,47,Sat,19,6,PREPAID,low
7,60,Wed,20,5,CASH,high
2,14,Sat,17,2,ONLINE,medium
8,18,Tue,12,2,ONLINE,high
0,3,Sun,17,10,CASH,medium
3,76,Mon,16,5,CASH,low
7,70,Sat,20,3,CARD,high
12,29,Fri,19,5,CARD,high
8,65,Mon,14,6,CASH,high
12,31,Fri,18,3,ONLINE,high
7,18,Tue,10,10,PREPAID,high
11,19,Sat,15,6,CARD,high
3,63,Mon,12,6,CARD,medium
8,27,Sun,13,7,CASH,high
0,59,Mon,18,6,CARD,low
10,67,Sun,12,5,CASH,high
2,73,Thu,18,7,CARD,low
8,10,Wed,14,4,CASH,high
5,46,Thu,20,8,PREPAID,high
0,1,Thu,10,4,CARD,medium
3,36,Tue,10,3,CARD,medium
10,16,Tue,14,6,ONLINE,high
10,62,Thu,15,4,CASH,high
0,53,Tue,8,3,CASH,low
2,21,Sat,16,1,PREPAID,medium
0,19,Tue,12,3,CASH,medium
9,52,Fri,18,1,PREPAID,high
1,37,Tue,15,10,PREPAID,low
2,62,Tue,21,7,CASH,medium
12,75,Tue,17,9,CARD,high
7,44,Fri,17,2,CARD,high
2,50,Mon,8,4,CASH,medium
10,65,Thu,21,3,CASH,high
7,23,Fri,17,1,PREPAID,high
8,69,Sun,9,2,CASH,high
9,17,Fri,21,1,PREPAID,high
8,56,Thu,13,1,ONLINE,high
3,55,Sun,15,7,CARD,medium
1,74,Thu,10,5,CASH,low
1,30,Wed,17,9,CASH,medium
0,25,Sat,19,1,CASH,medium
8,16,Mon,14,4,ONLINE,high
6,41,Wed,9,3,CASH,high
4,75,Wed,21,9,CASH,medium
9,47,Wed,18,7,ONLINE,high
8,53,Sun,16,8,CARD,high
8,72,Thu,12,5,CASH,high
11,51,Tue,21,2,ONLINE,high
12,58,Sat,10,2,CARD,high
12,52,Wed,20,9,CASH,high
2,7,Thu,18,1,ONLINE,medium
7,19,Fri,14,2,CARD,high
5,29,Mon,17,1,ONLINE,high
9,52,Sat,16,5,ONLINE,high
0,77,Sun,21,3,CASH,low
0,57,Tue,21,9,CARD,low
4,5,Fri,16,4,CASH,high
2,5,Tue,18,1,PREPAID,medium
4,12,Sun,14,6,ONLINE,high
9,52,Tue,16,1,ONLINE,high
1,9,Fri,12,9,PREPAID,medium
5,45,Sun,12,4,CASH,high
7,25,Thu,17,1,CARD,high
8,53,Mon,16,2,CASH,high
1,44,Sun,16,5,PREPAID,low
4,74,Sat,15,7,CASH,medium
12,32,Wed,20,8,ONLINE,high
0,76,Thu,9,5,CARD,low
10,29,Sat,11,6,CASH,high
8,46,Fri,8,5,CARD,high
6,12,Sat,19,6,CARD,high
7,23,Wed,13,4,PREPAID,high
2,35,Sat,18,4,CASH,medium
3,26,Sat,11,5,CARD,high
3,26,Sun,17,6,CARD,high
1,14,Mon,18,8,CASH,high
0,70,Sun,15,6,CASH,low
9,64,Sun,12,8,CARD,high
4,66,Thu,11,10,CARD,medium
12,68,Thu,15,9,CARD,high
6,45,Sun,18,3,CASH,high
11,16,Fri,15,6,ONLINE,high
2,2,Tue,14,10,CARD,high
9,47,Sun,12,3,CASH,high
4,31,Thu,17,6,CARD,high
6,64,Tue,14,6,CARD,medium
4,52,Thu,10,10,CARD,medium
10,74,Tue,21,2,ONLINE,high
8,31,Thu,21,7,CARD,high
7,20,Sun,8,3,CASH,high
10,18,Fri,16,6,ONLINE,high
4,39,Fri,21,10,CARD,high
11,13,Tue,8,4,ONLINE,high
10,61,Mon,15,6,CARD,high
8,47,Fri,22,5,CARD,high
1,53,Wed,21,10,CARD,low
10,74,Sat,16,3,PREPAID,high
5,37,Wed,18,9,CASH,high
1,58,Thu,17,5,CASH,low
2,19,Sat,20,6,CASH,high
9,79,Thu,21,2,CARD,high
3,44,Wed,13,5,ONLINE,medium
10,78,Thu,12,8,ONLINE,high
11,47,Fri,16,8,CASH,high
0,24,Tue,19,4,ONLINE,low
3,11,Tue,14,2,CARD,high
8,61,Mon,8,7,CASH,high
1,11,Wed,17,3,CARD,medium
4,50,Tue,11,5,CASH,medium
2,17,Fri,21,3,CARD,high
5,46,Sun,15,8,PREPAID,medium
4,70,Fri,15,3,PREPAID,low
2,70,Fri,17,8,CASH,low
6,73,Fri,18,9,CARD,medium
7,45,Fri,11,2,CASH,high
6,47,Wed,10,5,CARD,high
12,67,Sun,10,6,CARD,high
0,69,Sat,22,8,PREPAID,low
4,62,Mon,20,7,ONLINE,medium
3,77,Sun,8,9,CARD,low
8,53,Thu,14,4,CARD,high
6,50,Tue,12,2,CASH,high
8,31,Sun,20,10,ONLINE,high
4,35,Sat,19,9,ONLINE,high
3,53,Sun,9,3,CARD,medium
10,15,Thu,17,8,CARD,high
7,80,Tue,13,1,CARD,medium
0,69,Tue,9,5,CARD,low
11,57,Mon,11,2,CARD,high
3,64,Wed,14,5,ONLINE,low
5,64,Thu,19,1,CARD,medium
0,19,Wed,20,7,CARD,medium
2,61,Tue,22,5,ONLINE,low
0,2,Sun,19,4,CARD,medium
3,57,Sat,8,4,CASH,medium
8,13,Sat,11,8,CARD,high
5,40,Tue,18,1,ONLINE,medium
8,71,Mon,12,8,CASH,high
5,26,Mon,21,4,PREPAID,high
10,31,Thu,13,1,CARD,high
9,36,Mon,14,4,CARD,high
4,6,Sun,19,8,ONLINE,high
5,20,Sun,9,4,CARD,high
10,12,Fri,13,1,CARD,high
11,20,Fri,20,2,CARD,high
5,30,Fri,20,6,ONLINE,high
11,57,Tue,8,7,CARD,high
4,18,Mon,15,8,CASH,high
11,70,Thu,11,10,CARD,high
5,45,Sat,15,5,PREPAID,medium
8,77,Tue,9,9,CARD,high
4,38,Fri,13,8,CARD,high
6,65,Sat,10,1,CASH,medium
12,47,Fri,11,6,ONLINE,high
6,69,Tue,16,8,ONLINE,medium
9,20,Wed,13,7,CASH,high
1,15,Fri,18,2,CARD,medium
2,17,Sun,8,4,CARD,high
1,25,Mon,17,7,ONLINE,medium
9,68,Sat,17,5,CARD,high
9,29,Sat,9,1,PREPAID,high
10,27,Thu,22,2,CASH,high
5,8,Fri,19,7,ONLINE,high
4,8,Fri,8,2,ONLINE,high
3,10,Fri,9,2,ONLINE,high
6,69,Tue,11,9,ONLINE,medium
10,73,Tue,16,9,CASH,high
12,14,Sat,17,6,ONLINE,high
1,55,Tue,20,3,CASH,low
5,65,Sat,10,9,PREPAID,medium
5,57,Wed,16,6,ONLINE,medium
12,53,Sat,14,6,CASH,high
8,73,Tue,14,9,PREPAID,medium
5,33,Thu,15,7,CARD,high
2,5,Fri,8,9,CARD,high
0,39,Wed,11,4,PREPAID,low
2,3,Fri,16,9,CASH,high
2,74,Mon,8,8,CARD,low
4,18,Wed,22,10,CARD,high
12,33,Wed,9,10,CARD,high
11,28,Mon,19,6,ONLINE,high
7,23,Sun,22,10,ONLINE,high
9,13,Sat,12,1,ONLINE,high
6,74,Mon,20,1,PREPAID,medium
5,43,Sun,14,7,PREPAID,medium
12,16,Tue,19,10,PREPAID,high
0,49,Wed,16,1,CARD,low
2,73,Wed,16,4,CARD,low
7,51,Sun,17,10,CASH,high
6,29,Wed,20,7,CARD,high
1,44,Thu,17,1,CASH,low
1,34,Thu,16,7,ONLINE,medium
12,17,Tue,15,9,CARD,high
10,51,Fri,11,9,CASH,high
3,68,Tue,9,5,ONLINE,low
10,42,Fri,9,2,ONLINE,high
5,55,Wed,11,6,CARD,medium
2,4,Tue,13,10,ONLINE,high
9,57,Tue,15,1,PREPAID,high
3,30,Sat,13,3,ONLINE,medium
1,11,Sat,8,4,PREPAID,medium
4,19,Mon,13,2,CARD,high
0,61,Wed,11,9,CARD,low
8,70,Sun,12,9,CASH,high
11,19,Sat,18,1,CARD,high
0,68,Wed,10,1,CARD,low
4,80,Mon,15,1,CARD,low
10,35,Sun,22,6,PREPAID,high
2,3,Sun,22,7,CARD,high
8,49,Sat,9,6,CASH,high
8,77,Mon,10,4,CASH,high
8,59,Sat,8,1,CARD,high
4,68,Wed,15,7,ONLINE,low
2,3,Sat,13,6,CASH,high
8,31,Wed,20,1,CASH,high
0,50,Fri,12,4,CARD,low
10,51,Tue,9,7,CASH,high
10,79,Sat,11,7,CARD,high
6,20,Wed,22,10,CARD,high
2,70,Tue,18,3,CASH,low
2,26,Wed,19,9,PREPAID,medium
12,56,Tue,18,10,PREPAID,high
1,41,Fri,16,2,CARD,low
11,19,Mon,20,6,PREPAID,high
6,53,Wed,15,5,CARD,high
1,25,Tue,10,1,ONLINE,medium
9,79,Wed,17,10,CASH,high
3,77,Tue,18,1,CARD,low
2,62,Fri,21,10,CASH,medium
2,48,Sun,14,8,CASH,medium
3,21,Tue,8,7,ONLINE,high
1,2,Thu,11,4,ONLINE,medium
2,9,Thu,21,10,CASH,high
7,42,Tue,14,7,ONLINE,high
11,78,Sun,14,6,CARD,high
9,74,Fri,16,1,CASH,high
7,58,Sun,22,1,PREPAID,medium
8,32,Fri,14,1,CASH,high
12,67,Sat,8,4,CARD,high
4,51,Sun,21,5,CASH,high
4,55,Fri,22,1,ONLINE,medium
7,19,Sun,18,8,CARD,high
1,65,Tue,20,10,PREPAID,low
2,70,Thu,14,6,CASH,low
7,23,Fri,22,4,PREPAID,high
4,12,Wed,19,3,ONLINE,high
1,16,Mon,19,8,CASH,high
8,11,Sat,14,9,CASH,high
6,21,Fri,14,1,ONLINE,high
9,43,Sun,18,3,CARD,high
2,19,Sun,19,1,CASH,medium
11,40,Sun,15,5,CASH,high
2,16,Tue,8,10,ONLINE,high
1,2,Thu,21,8,CASH,high
1,1,Tue,11,10,ONLINE,medium
6,59,Thu,9,10,CASH,high
8,32,Wed,17,9,ONLINE,high
0,27,Tue,10,1,ONLINE,low
1,5,Sun,8,10,ONLINE,high
5,39,Mon,8,2,CASH,high
2,23,Sat,12,10,ONLINE,medium
9,77,Sun,16,3,PREPAID,medium
5,75,Mon,9,5,CARD,medium
1,49,Sun,14,9,CARD,low
2,61,Mon,19,5,CARD,low
8,53,Tue,19,4,CASH,high
9,14,Sat,18,9,PREPAID,high
11,62,Sat,17,5,CASH,high
4,41,Fri,17,10,CARD,high
9,17,Fri,15,9,ONLINE,high
7,64,Sun,10,10,CARD,high
3,38,Mon,9,1,CASH,medium
11,16,Sun,11,10,PREPAID,high
0,53,Wed,13,9,ONLINE,low
0,28,Sat,11,5,CARD,medium
4,9,Wed,16,9,CARD,high
0,1,Sat,13,6,CARD,medium
9,73,Mon,21,3,CARD,high
10,44,Thu,22,8,ONLINE,high
7,18,Tue,18,8,PREPAID,high
5,69,Thu,20,7,PREPAID,medium
8,8,Wed,17,6,CASH,high
1,3,Fri,18,6,ONLINE,medium
1,46,Tue,12,1,CARD,low
10,49,Fri,21,3,CASH,high
2,50,Fri,9,5,ONLINE,medium
11,41,Mon,12,7,CARD,high
5,31,Thu,21,5,CARD,high
2,39,Mon,13,1,ONLINE,low
7,12,Fri,8,8,PREPAID,high
3,20,Wed,22,8,ONLINE,high
4,68,Sun,13,3,ONLINE,low
8,13,Sat,10,4,ONLINE,high
6,59,Sat,21,9,CARD,high
0,40,Sat,21,10,PREPAID,low
7,43,Mon,9,9,ONLINE,high
0,40,Fri,20,5,CASH,medium
5,27,Tue,11,5,CARD,high
12,41,Thu,18,2,CARD,high
4,21,Mon,8,10,CASH,high
3,14,Fri,13,9,CARD,high
11,19,Sun,12,10,CARD,high
4,10,Fri,22,6,CASH,high
2,7,Mon,15,1,CARD,medium
1,7,Thu,14,3,ONLINE,medium
10,76,Sun,19,8,CASH,high
5,40,Sun,11,9,CARD,high
9,60,Tue,9,8,CARD,high
10,40,Sat,19,8,CASH,high
2,29,Sun,22,10,CARD,high
6,47,Tue,19,6,ONLINE,high
7,42,Thu,8,2,CASH,high
7,45,Thu,21,3,CARD,high
9,45,Fri,10,9,CARD,high
5,14,Fri,18,2,ONLINE,high
7,69,Thu,17,7,CARD,high
8,32,Tue,15,7,CARD,high
11,27,Fri,14,7,CASH,high
8,44,Sat,11,3,ONLINE,high
9,10,Sun,15,2,CASH,high
5,60,Fri,9,8,CARD,high
1,52,Fri,9,10,ONLINE,medium
5,49,Thu,18,1,CARD,medium
9,18,Sun,18,1,ONLINE,high
7,20,Fri,12,7,CASH,high
3,58,Tue,18,6,CARD,medium
6,39,Sat,22,6,PREPAID,high
0,75,Fri,16,7,ONLINE,low
0,38,Wed,22,9,PREPAID,low
1,1,Mon,21,5,PREPAID,medium
6,31,Sat,17,7,CASH,high
6,49,Thu,14,9,CARD,high
7,23,Tue,11,9,CARD,high
6,47,Tue,12,3,CARD,high
10,10,Mon,10,8,ONLINE,high
1,18,Tue,18,7,PREPAID,medium
6,78,Fri,10,8,CASH,medium
7,71,Thu,13,4,CARD,medium
0,78,Fri,15,4,ONLINE,low
6,35,Fri,17,6,CARD,high
4,5,Thu,19,6,CARD,high
11,62,Mon,10,9,PREPAID,high
7,36,Fri,9,9,PREPAID,high
3,12,Thu,18,2,ONLINE,medium
12,70,Fri,12,10,CARD,high
8,44,Sun,8,8,CASH,high
9,61,Sat,13,7,CARD,high
4,38,Tue,8,10,ONLINE,high
4,73,Mon,18,8,CASH,medium
0,74,Sat,12,10,CARD,low
1,63,Tue,16,2,PREPAID,low
4,36,Tue,17,5,CARD,high
0,33,Sat,9,10,CARD,medium
11,76,Tue,18,8,CARD,high
4,23,Sun,19,4,CASH,high
0,68,Wed,9,3,CASH,low
7,20,Sun,14,7,CARD,high
11,57,Sat,10,4,CASH,high
0,45,Sat,12,2,CARD,low
6,60,Thu,12,8,ONLINE,medium
3,69,Thu,18,7,CASH,medium
8,19,Sun,14,1,CARD,high
6,58,Sat,13,9,ONLINE,high
0,6,Fri,18,6,PREPAID,medium
9,56,Sat,21,5,CARD,high
12,35,Mon,12,10,CARD,high
11,31,Sat,17,4,CASH,high
5,24,Fri,8,1,ONLINE,high
1,2,Mon,16,2,ONLINE,medium
3,45,Sat,12,5,CARD,medium
4,4,Mon,8,10,ONLINE,high
9,28,Sat,9,2,CARD,high
2,78,Thu,18,10,ONLINE,low
1,24,Sat,10,5,CARD,medium
10,10,Thu,22,5,ONLINE,high
4,42,Tue,20,2,CARD,medium
6,8,Thu,13,1,CARD,high
2,34,Thu,9,8,PREPAID,medium
9,26,Thu,10,8,CARD,high
12,70,Thu,11,10,CASH,high
11,57,Wed,9,1,CARD,high
11,74,Wed,20,8,CARD,high
2,64,Sat,18,1,PREPAID,low
4,50,Tue,19,6,PREPAID,medium
0,74,Fri,19,8,CASH,low
11,52,Sun,20,2,CASH,high
1,1,Sat,21,8,CARD,high
5,69,Wed,18,5,CASH,medium
5,12,Fri,21,6,CARD,high
12,59,Sun,12,4,CARD,high
3,6,Sat,11,5,ONLINE,high
10,14,Sat,13,8,CARD,high
11,57,Tue,10,1,CARD,high
3,76,Thu,14,2,ONLINE,low
7,40,Fri,21,8,PREPAID,high
0,3,Wed,8,6,ONLINE,medium
3,6,Mon,11,9,CASH,high
2,69,Sat,17,4,PREPAID,low
5,5,Tue,15,1,CASH,high
0,80,Tue,19,3,CARD,low
4,7,Sun,20,2,CASH,high
9,22,Mon,21,2,CARD,high
12,77,Fri,11,2,ONLINE,high
5,55,Sun,21,7,CARD,high
8,74,Tue,13,4,ONLINE,medium
2,76,Wed,9,2,CARD,low
2,54,Sat,13,9,CARD,medium
9,32,Mon,10,2,ONLINE,high
6,79,Sun,10,1,PREPAID,low
0,11,Mon,10,2,ONLINE,medium
4,76,Thu,19,8,ONLINE,low
2,27,Sat,12,9,CASH,high
2,31,Fri,19,1,CASH,medium
9,64,Mon,18,5,CARD,high
0,1,Tue,9,9,PREPAID,medium
5,80,Sun,20,9,CASH,medium
12,60,Sat,18,4,CARD,high
1,25,Sun,10,8,CASH,medium
10,21,Mon,8,6,CARD,high
4,56,Wed,17,8,CARD,medium
2,7,Tue,20,1,CASH,high
1,15,Tue,19,8,CASH,high
6,42,Tue,19,6,CARD,high
5,15,Tue,9,4,ONLINE,high
6,26,Tue,9,8,CASH,high
6,7,Tue,11,10,CASH,high
5,50,Tue,15,4,CASH,high
3,35,Wed,10,1,ONLINE,medium
4,8,Tue,9,8,CASH,high
12,22,Wed,11,5,CASH,high
2,79,Fri,16,4,CARD,low
7,67,Sun,11,10,CASH,high
4,60,Mon,19,7,ONLINE,medium
3,32,Wed,14,10,CARD,high
2,76,Fri,22,1,CASH,low
0,6,Thu,19,9,CARD,medium
6,68,Thu,20,2,CASH,medium
1,31,Fri,20,1,ONLINE,medium
3,53,Tue,13,5,CARD,medium
0,12,Thu,18,5,CARD,medium
9,59,Sat,17,1,PREPAID,high
12,60,Tue,21,7,CARD,high
10,48,Thu,19,1,PREPAID,high
6,10,Sat,13,9,CARD,high
12,55,Wed,19,10,CASH,high
12,27,Sat,9,10,PREPAID,high
8,8,Sat,13,1,CARD,high
7,47,Fri,8,6,CARD,high
11,72,Mon,16,4,CARD,high
3,43,Fri,9,8,ONLINE,medium
11,75,Tue,20,4,CARD,high
8,35,Sat,14,5,CARD,high
5,48,Thu,15,9,CASH,high
7,16,Sat,16,9,PREPAID,high
9,58,Wed,20,2,CARD,high
1,59,Mon,14,3,CARD,low
1,10,Tue,12,2,ONLINE,medium
2,64,Sun,11,9,PREPAID,low
2,3,Thu,18,9,PREPAID,medium
5,61,Thu,15,1,CARD,medium
0,9,Sun,20,4,ONLINE,medium
10,67,Wed,14,10,CARD,high
7,42,Fri,18,9,ONLINE,high
7,57,Wed,17,3,PREPAID,medium
2,40,Sun,12,4,CASH,medium
12,37,Sun,8,3,CARD,high
2,59,Fri,22,3,ONLINE,low
2,37,Tue,21,3,CARD,medium
0,15,Wed,17,3,CASH,medium
2,48,Tue,16,1,ONLINE,low
2,45,Wed,15,9,PREPAID,low
4,69,Mon,22,1,CASH,medium
12,64,Tue,15,6,CARD,high
8,70,Wed,18,5,CASH,high
12,38,Fri,18,3,ONLINE,high
5,57,Sat,9,8,PREPAID,medium
10,18,Fri,9,5,CARD,high
3,80,Thu,13,2,CARD,low
10,78,Tue,17,9,CARD,high
3,36,Mon,9,9,ONLINE,medium
8,12,Thu,11,8,CARD,high
8,78,Mon,22,6,CARD,high
5,55,Thu,13,1,CARD,medium
4,45,Thu,21,9,CARD,high
11,57,Thu,20,8,CARD,high
11,55,Thu,10,10,CASH,high
3,19,Wed,15,9,PREPAID,medium
9,9,Sun,14,2,CARD,high
6,35,Tue,16,8,ONLINE,high
3,18,Tue,21,7,CARD,high
0,63,Sun,21,5,ONLINE,low
7,39,Fri,19,8,CARD,high
0,1,Wed,12,8,CARD,medium
6,37,Tue,15,4,CARD,high
7,36,Mon,17,6,CASH,high
6,73,Sun,12,8,PREPAID,medium
5,16,Fri,19,10,CARD,high
2,34,Fri,8,3,CARD,medium
5,18,Tue,8,5,CARD,high
0,46,Wed,12,9,CASH,low
8,10,Tue,20,3,ONLINE,high
12,77,Tue,16,6,PREPAID,high
4,39,Sat,19,6,CARD,high
5,75,Sun,10,1,CARD,low
5,37,Sun,15,7,CARD,high
1,21,Tue,10,9,CARD,medium
12,25,Fri,17,9,ONLINE,high
11,71,Sun,20,2,CASH,high
1,10,Sun,10,1,CASH,medium
11,40,Wed,10,8,PREPAID,high
8,77,Sun,13,3,ONLINE,medium
0,4,Tue,10,3,ONLINE,medium
2,40,Tue,10,2,CASH,medium
1,15,Mon,20,8,ONLINE,high
1,6,Mon,8,9,CASH,high
1,61,Wed,8,2,CARD,low
0,2,Sun,9,10,CARD,medium
2,26,Sat,13,1,CARD,medium
9,36,Wed,13,3,PREPAID,high
3,79,Fri,17,2,CARD,low
12,75,Mon,16,4,ONLINE,high
2,37,Sun,16,1,PREPAID,low
3,13,Fri,21,8,CARD,high
2,76,Thu,18,2,CARD,low
6,46,Thu,11,9,CARD,high
12,15,Wed,9,8,CARD,high
7,18,Sun,13,5,CASH,high
0,6,Wed,15,2,CARD,medium
9,59,Sat,12,8,CARD,high
4,53,Sun,14,4,PREPAID,medium
10,61,Wed,10,1,PREPAID,high
10,63,Mon,14,8,CASH,high
1,11,Tue,14,7,ONLINE,medium
11,14,Tue,9,6,PREPAID,high
3,44,Fri,21,7,CARD,high
11,55,Thu,12,10,CASH,high
5,52,Thu,18,10,PREPAID,medium
8,63,Wed,10,8,CARD,high
7,33,Thu,11,3,CARD,high
1,7,Thu,18,1,PREPAID,medium
9,49,Sat,13,3,CARD,high
1,80,Sun,9,9,ONLINE,low
3,60,Wed,18,8,CASH,medium
8,34,Wed,20,9,CASH,high
3,5,Mon,14,8,CARD,high
7,49,Thu,8,1,CARD,high
11,39,Tue,15,7,CARD,high
7,50,Sun,9,10,ONLINE,high
10,71,Fri,17,8,CASH,high
8,21,Mon,14,5,CASH,high
9,49,Sat,13,5,CARD,high
4,4,Mon,10,6,CARD,high
0,75,Sun,22,6,CARD,low
5,55,Wed,14,6,CARD,medium
3,32,Tue,18,5,CASH,high
4,9,Mon,13,3,CARD,high
0,42,Thu,18,7,CASH,low
4,54,Mon,19,8,CASH,medium
6,41,Fri,14,6,CASH,high
1,63,Sat,18,4,CARD,low
12,65,Sun,18,6,CARD,high
5,39,Thu,11,8,CASH,high
8,10,Tue,12,5,CARD,high
6,74,Sun,11,10,ONLINE,medium
11,12,Sun,17,2,CASH,high
1,35,Fri,20,9,CASH,medium
5,27,Sun,9,5,CASH,high
6,39,Sat,16,6,CARD,high
4,52,Fri,16,8,ONLINE,medium
2,71,Mon,18,9,PREPAID,low
7,74,Tue,18,8,CARD,medium
12,69,Fri,21,7,PREPAID,high
8,8,Tue,13,8,CARD,high
11,20,Sat,20,5,ONLINE,high
5,53,Sun,21,2,CASH,high
4,53,Sun,12,3,CARD,medium
3,77,Thu,11,2,CARD,low
1,4,Sun,21,5,CASH,high
6,72,Thu,18,1,CARD,medium
2,35,Mon,12,5,ONLINE,medium
10,23,Sun,8,8,ONLINE,high
1,8,Wed,17,5,PREPAID,medium
5,53,Sat,18,2,CARD,medium
3,18,Mon,17,9,PREPAID,medium
10,67,Sun,17,9,CARD,high
3,12,Fri,9,6,CARD,high
11,75,Thu,20,4,PREPAID,high
2,28,Mon,10,4,PREPAID,medium
6,57,Wed,21,10,CARD,high
5,69,Sat,9,6,CASH,high
10,61,Tue,12,3,CARD,high
4,48,Mon,18,10,CARD,medium
3,7,Wed,16,7,CARD,high
12,47,Sat,9,9,PREPAID,high
6,57,Mon,22,7,PREPAID,medium
4,33,Mon,22,4,CARD,high
7,21,Sat,13,7,ONLINE,high
1,36,Sun,20,8,CASH,medium
5,53,Sat,14,2,ONLINE,medium
8,34,Mon,13,7,CASH,high
11,71,Wed,15,1,ONLINE,high
10,24,Thu,20,3,CARD,high
10,26,Wed,13,10,CARD,high
3,21,Fri,19,3,ONLINE,medium
12,53,Wed,15,8,PREPAID,high
4,18,Tue,18,10,ONLINE,high
3,37,Mon,14,6,CARD,medium
9,49,Tue,8,1,PREPAID,high
10,79,Tue,22,2,PREPAID,high
4,26,Sat,21,3,CARD,high
6,80,Fri,12,3,CARD,medium
2,48,Fri,9,1,ONLINE,medium
12,56,Thu,21,8,CARD,high
3,27,Sun,21,5,CARD,high
6,64,Tue,14,4,CASH,medium
11,37,Sat,11,7,CARD,high
0,19,Wed,12,4,CASH,medium
5,32,Fri,18,8,CARD,high
2,61,Sun,13,7,ONLINE,low
11,50,Thu,19,10,CARD,high
